{
  "uid" : "a4fd4219-0a5d-4995-bbae-83633106430c",
  "name" : "credentialAutomation",
  "identifier" : "credentialAutomation",
  "type" : "automation",
  "visibility" : true,
  "header" : {
    "inputs" : [ {
      "description" : "",
      "identifier" : "entryName",
      "type" : "simple",
      "typeName" : "string",
      "typeValue" : "string",
      "dimension" : 0,
      "container" : null
    }, {
      "description" : "",
      "identifier" : "username",
      "type" : "simple",
      "typeName" : "string",
      "typeValue" : "string",
      "dimension" : 0,
      "container" : null
    }, {
      "description" : "",
      "identifier" : "password",
      "type" : "simple",
      "typeName" : "password",
      "typeValue" : "password",
      "dimension" : 0,
      "container" : null
    }, {
      "description" : "",
      "identifier" : "cloudCredentials",
      "type" : "simple",
      "typeName" : "boolean",
      "typeValue" : "boolean",
      "dimension" : 0,
      "container" : null
    }, {
      "description" : "",
      "identifier" : "logFilePath",
      "type" : "simple",
      "typeName" : "string",
      "typeValue" : "string",
      "dimension" : 0,
      "container" : null
    } ],
    "outputs" : [ {
      "description" : "",
      "identifier" : "username",
      "type" : "simple",
      "typeName" : "string",
      "typeValue" : "string",
      "dimension" : 0,
      "container" : null
    }, {
      "description" : "",
      "identifier" : "password",
      "type" : "simple",
      "typeName" : "string",
      "typeValue" : "string",
      "dimension" : 0,
      "container" : null
    } ],
    "maxDuration" : 600,
    "triggerable" : true,
    "hasAddJobSubAutomations" : false,
    "hasAlerts" : false,
    "scriptUids" : [ "f9109913-6456-47ec-9cf5-80a1721189c4", "253c2f0d-3724-4b6c-995b-2c635cbd66f6" ]
  },
  "buildHeader" : {
    "input" : {
      "$schema" : "http://json-schema.org/draft-07/schema#",
      "type" : "object",
      "properties" : {
        "password" : {
          "$ref" : "#/definitions/password",
          "description" : ""
        },
        "entryName" : {
          "type" : "string",
          "description" : ""
        },
        "logFilePath" : {
          "type" : "string",
          "description" : ""
        },
        "cloudCredentials" : {
          "type" : "boolean",
          "description" : ""
        },
        "username" : {
          "type" : "string",
          "description" : ""
        }
      },
      "definitions" : {
        "password" : {
          "type" : "string",
          "password" : true
        }
      }
    },
    "output" : {
      "$schema" : "http://json-schema.org/draft-07/schema#",
      "type" : "object",
      "properties" : {
        "password" : {
          "type" : "string",
          "description" : ""
        },
        "username" : {
          "type" : "string",
          "description" : ""
        }
      }
    },
    "internalUid" : null,
    "triggerable" : true
  },
  "validity" : true,
  "dependencies" : [ {
    "artifactUid" : "ed521d70-d2b5-3286-848b-8acd783a6b43",
    "artifactContainerUid" : "028a439d-be6d-41f4-a0ca-ab5226408ff3",
    "packageUid" : "2dbcfd22-58ea-49a2-99d6-005f5bb902c3",
    "packageAlias" : "irpa_core"
  }, {
    "artifactUid" : "9cab8902-34c3-37f9-a6bb-8e55279e5195",
    "artifactContainerUid" : "028a439d-be6d-41f4-a0ca-ab5226408ff3",
    "packageUid" : "2dbcfd22-58ea-49a2-99d6-005f5bb902c3",
    "packageAlias" : "irpa_core"
  }, {
    "artifactUid" : "a142e18f-047a-4cad-a0a7-29584dac0b01",
    "artifactContainerUid" : "fb061a67-dce5-45e0-8301-5e560d5aed64"
  } ],
  "contents" : [ {
    "uid" : "19d93fbe-cefc-4ead-a028-fd293a4fdde8",
    "name" : "content",
    "mimeType" : "application/json",
    "size" : 35586,
    "lastUpdateRelease" : "2102.03"
  }, {
    "uid" : "786d9f67-8df7-4c66-98d2-6098062bbdf1",
    "name" : "f9109913-6456-47ec-9cf5-80a1721189c4",
    "mimeType" : "application/json",
    "size" : 112,
    "lastUpdateRelease" : "2102.03"
  }, {
    "uid" : "e8bd9b38-4649-43d4-b2c2-299e21d8d339",
    "name" : "253c2f0d-3724-4b6c-995b-2c635cbd66f6",
    "mimeType" : "application/json",
    "size" : 161,
    "lastUpdateRelease" : "2102.03"
  } ],
  "exportRelease" : "2102.03",
  "lastHeaderUpdateRelease" : "2102.03"
}