{
  "uid" : "09d62b26-7791-4d19-908d-9c0ee874ac07",
  "name" : "fetchInvoiceFilePaths",
  "identifier" : "testFetchFilePaths",
  "type" : "automation",
  "visibility" : true,
  "header" : {
    "inputs" : [ {
      "description" : "",
      "identifier" : "rootPath",
      "type" : "simple",
      "typeName" : "string",
      "typeValue" : "string",
      "dimension" : 0,
      "container" : null
    }, {
      "description" : "",
      "identifier" : "logFilePath",
      "type" : "simple",
      "typeName" : "string",
      "typeValue" : "string",
      "dimension" : 0,
      "container" : null
    }, {
      "description" : "",
      "identifier" : "excelFile",
      "type" : "simple",
      "typeName" : "string",
      "typeValue" : "string",
      "dimension" : 0,
      "container" : null
    } ],
    "outputs" : [ {
      "description" : "",
      "identifier" : "filePathList",
      "type" : "simple",
      "typeName" : "string",
      "typeValue" : "string",
      "dimension" : 1,
      "container" : null
    } ],
    "maxDuration" : 600,
    "triggerable" : true,
    "hasAddJobSubAutomations" : false,
    "hasAlerts" : false,
    "scriptUids" : [ "62f6a5ef-7f5d-4e4a-85c5-c533d3c79b2a", "141e575f-d0bd-4c18-92bd-61bef05cb60b", "18aab6da-dfdd-420e-a6d9-7b1a21fa0eae", "d25f97db-a885-45fe-926a-60ac160ebe75", "11a93855-88cd-4262-9a08-becb8a11d882" ]
  },
  "buildHeader" : {
    "input" : {
      "$schema" : "http://json-schema.org/draft-07/schema#",
      "type" : "object",
      "properties" : {
        "excelFile" : {
          "type" : "string",
          "description" : ""
        },
        "logFilePath" : {
          "type" : "string",
          "description" : ""
        },
        "rootPath" : {
          "type" : "string",
          "description" : ""
        }
      }
    },
    "output" : {
      "$schema" : "http://json-schema.org/draft-07/schema#",
      "type" : "object",
      "properties" : {
        "filePathList" : {
          "description" : "",
          "type" : "array",
          "items" : {
            "type" : "string"
          }
        }
      }
    },
    "internalUid" : null,
    "triggerable" : true
  },
  "validity" : true,
  "dependencies" : [ {
    "artifactUid" : "1ee120b0-da01-4528-be4c-bbf68c085537",
    "artifactContainerUid" : "fb061a67-dce5-45e0-8301-5e560d5aed64"
  }, {
    "artifactUid" : "ed521d70-d2b5-3286-848b-8acd783a6b43",
    "artifactContainerUid" : "028a439d-be6d-41f4-a0ca-ab5226408ff3",
    "packageUid" : "2dbcfd22-58ea-49a2-99d6-005f5bb902c3",
    "packageAlias" : "irpa_core"
  }, {
    "artifactUid" : "d7aef599-3f38-4741-8142-1cfcf0bb741a",
    "artifactContainerUid" : "fb061a67-dce5-45e0-8301-5e560d5aed64"
  }, {
    "artifactUid" : "08932019-52df-3d41-8347-421faed14de4",
    "artifactContainerUid" : "028a439d-be6d-41f4-a0ca-ab5226408ff3",
    "packageUid" : "2dbcfd22-58ea-49a2-99d6-005f5bb902c3",
    "packageAlias" : "irpa_core"
  }, {
    "artifactUid" : "ad8424e5-0004-31e8-b7c2-cd871847e3e3",
    "artifactContainerUid" : "f54b0f53-9c11-49dd-b097-9c2f4361447f",
    "packageUid" : "105f6259-cdaf-414b-86ea-5bc670448046",
    "packageAlias" : "irpa_excel"
  }, {
    "artifactUid" : "9d97d190-ddae-3b68-bf21-ac94e6bc05e4",
    "artifactContainerUid" : "f54b0f53-9c11-49dd-b097-9c2f4361447f",
    "packageUid" : "105f6259-cdaf-414b-86ea-5bc670448046",
    "packageAlias" : "irpa_excel"
  }, {
    "artifactUid" : "b2b39969-be3a-32e5-b4cb-3ebfacb6d3e5",
    "artifactContainerUid" : "f54b0f53-9c11-49dd-b097-9c2f4361447f",
    "packageUid" : "105f6259-cdaf-414b-86ea-5bc670448046",
    "packageAlias" : "irpa_excel"
  }, {
    "artifactUid" : "c8c3e744-939a-3f07-89be-24c78828dc6c",
    "artifactContainerUid" : "028a439d-be6d-41f4-a0ca-ab5226408ff3",
    "packageUid" : "2dbcfd22-58ea-49a2-99d6-005f5bb902c3",
    "packageAlias" : "irpa_core"
  }, {
    "artifactUid" : "d02ec62b-257e-3a38-a747-f04f8607e036",
    "artifactContainerUid" : "f54b0f53-9c11-49dd-b097-9c2f4361447f",
    "packageUid" : "105f6259-cdaf-414b-86ea-5bc670448046",
    "packageAlias" : "irpa_excel"
  }, {
    "artifactUid" : "9cab8902-34c3-37f9-a6bb-8e55279e5195",
    "artifactContainerUid" : "028a439d-be6d-41f4-a0ca-ab5226408ff3",
    "packageUid" : "2dbcfd22-58ea-49a2-99d6-005f5bb902c3",
    "packageAlias" : "irpa_core"
  }, {
    "artifactUid" : "a142e18f-047a-4cad-a0a7-29584dac0b01",
    "artifactContainerUid" : "fb061a67-dce5-45e0-8301-5e560d5aed64"
  } ],
  "contents" : [ {
    "uid" : "48fb625f-2385-4da9-abd0-6fe1bef36209",
    "name" : "d25f97db-a885-45fe-926a-60ac160ebe75",
    "mimeType" : "application/json",
    "size" : 158,
    "lastUpdateRelease" : "2102.03"
  }, {
    "uid" : "092b6a91-9588-4bc8-9479-24f0704cff07",
    "name" : "62f6a5ef-7f5d-4e4a-85c5-c533d3c79b2a",
    "mimeType" : "application/json",
    "size" : 47,
    "lastUpdateRelease" : "2102.03"
  }, {
    "uid" : "46b03bec-1633-4b4c-88d7-9cd818dff590",
    "name" : "content",
    "mimeType" : "application/json",
    "size" : 70404,
    "lastUpdateRelease" : "2102.03"
  }, {
    "uid" : "8243a345-bc75-4504-815d-8d54786e7819",
    "name" : "141e575f-d0bd-4c18-92bd-61bef05cb60b",
    "mimeType" : "application/json",
    "size" : 459,
    "lastUpdateRelease" : "2102.03"
  }, {
    "uid" : "9a5bc538-d2f1-44a6-9c16-32b9231ee505",
    "name" : "18aab6da-dfdd-420e-a6d9-7b1a21fa0eae",
    "mimeType" : "application/json",
    "size" : 634,
    "lastUpdateRelease" : "2102.03"
  }, {
    "uid" : "235ba8d6-1f9b-4c35-9d2f-f14dcda9c2f9",
    "name" : "11a93855-88cd-4262-9a08-becb8a11d882",
    "mimeType" : "application/json",
    "size" : 95,
    "lastUpdateRelease" : "2102.03"
  } ],
  "exportRelease" : "2102.03",
  "lastHeaderUpdateRelease" : "2102.03"
}