{
  "uid" : "a142e18f-047a-4cad-a0a7-29584dac0b01",
  "name" : "loggingAutomation",
  "identifier" : "loggingAutomation",
  "type" : "automation",
  "visibility" : true,
  "header" : {
    "inputs" : [ {
      "description" : "",
      "identifier" : "logFilePath",
      "type" : "simple",
      "typeName" : "string",
      "typeValue" : "string",
      "dimension" : 0,
      "container" : null
    }, {
      "description" : "",
      "identifier" : "actionName",
      "type" : "simple",
      "typeName" : "string",
      "typeValue" : "string",
      "dimension" : 0,
      "container" : null
    }, {
      "description" : "",
      "identifier" : "actionStatus",
      "type" : "simple",
      "typeName" : "string",
      "typeValue" : "string",
      "dimension" : 0,
      "container" : null
    }, {
      "description" : "",
      "identifier" : "remarks",
      "type" : "simple",
      "typeName" : "string",
      "typeValue" : "string",
      "dimension" : 0,
      "container" : null
    }, {
      "description" : "",
      "identifier" : "actionLevel",
      "type" : "simple",
      "typeName" : "string",
      "typeValue" : "string",
      "dimension" : 0,
      "container" : null
    } ],
    "outputs" : [ ],
    "maxDuration" : 600,
    "triggerable" : true,
    "hasAddJobSubAutomations" : false,
    "hasAlerts" : false,
    "scriptUids" : [ "0ff4292f-dca3-4666-aaed-9f28fed8ca51" ]
  },
  "buildHeader" : {
    "input" : {
      "$schema" : "http://json-schema.org/draft-07/schema#",
      "type" : "object",
      "properties" : {
        "actionStatus" : {
          "type" : "string",
          "description" : ""
        },
        "logFilePath" : {
          "type" : "string",
          "description" : ""
        },
        "actionLevel" : {
          "type" : "string",
          "description" : ""
        },
        "remarks" : {
          "type" : "string",
          "description" : ""
        },
        "actionName" : {
          "type" : "string",
          "description" : ""
        }
      }
    },
    "output" : {
      "$schema" : "http://json-schema.org/draft-07/schema#",
      "type" : "object",
      "properties" : { }
    },
    "internalUid" : null,
    "triggerable" : true
  },
  "validity" : true,
  "dependencies" : [ {
    "artifactUid" : "ad8424e5-0004-31e8-b7c2-cd871847e3e3",
    "artifactContainerUid" : "f54b0f53-9c11-49dd-b097-9c2f4361447f",
    "packageUid" : "105f6259-cdaf-414b-86ea-5bc670448046",
    "packageAlias" : "irpa_excel"
  }, {
    "artifactUid" : "9d97d190-ddae-3b68-bf21-ac94e6bc05e4",
    "artifactContainerUid" : "f54b0f53-9c11-49dd-b097-9c2f4361447f",
    "packageUid" : "105f6259-cdaf-414b-86ea-5bc670448046",
    "packageAlias" : "irpa_excel"
  } ],
  "contents" : [ {
    "uid" : "587a3dfe-fe8f-4c38-b693-ce1141ada346",
    "name" : "content",
    "mimeType" : "application/json",
    "size" : 7744,
    "lastUpdateRelease" : "2102.03"
  }, {
    "uid" : "aa13e2b6-6453-41e8-976a-5eff039b8dd7",
    "name" : "0ff4292f-dca3-4666-aaed-9f28fed8ca51",
    "mimeType" : "application/json",
    "size" : 492,
    "lastUpdateRelease" : "2102.03"
  } ],
  "exportRelease" : "2102.03",
  "lastHeaderUpdateRelease" : "2101.01"
}