{
  "uid" : "7a008a2d-260e-4981-8b29-a04ace224aab",
  "name" : "callODATAService",
  "identifier" : "testODATAService",
  "type" : "automation",
  "visibility" : true,
  "header" : {
    "inputs" : [ {
      "description" : "",
      "identifier" : "rootPath",
      "type" : "simple",
      "typeName" : "string",
      "typeValue" : "string",
      "dimension" : 0,
      "container" : null
    }, {
      "description" : "",
      "identifier" : "filePath",
      "type" : "simple",
      "typeName" : "string",
      "typeValue" : "string",
      "dimension" : 0,
      "container" : null
    }, {
      "description" : "",
      "identifier" : "logFilePath",
      "type" : "simple",
      "typeName" : "string",
      "typeValue" : "string",
      "dimension" : 0,
      "container" : null
    }, {
      "description" : "",
      "identifier" : "username",
      "type" : "simple",
      "typeName" : "string",
      "typeValue" : "string",
      "dimension" : 0,
      "container" : null
    }, {
      "description" : "",
      "identifier" : "password",
      "type" : "simple",
      "typeName" : "password",
      "typeValue" : "password",
      "dimension" : 0,
      "container" : null
    } ],
    "outputs" : [ ],
    "maxDuration" : 600,
    "triggerable" : true,
    "hasAddJobSubAutomations" : false,
    "hasAlerts" : false,
    "scriptUids" : [ "e69f7158-1f70-439f-8328-51a76b9b4e94", "76cb01af-26ff-484b-8169-1378ed5320b5", "f1f21375-09d8-4d6a-9152-4eeefe78b5c6", "ff766721-1c22-4d91-ae1a-b87a3c0d0721", "223fe866-950a-4f62-ac3e-306af79b1cb8", "d2db9356-53b7-4bb6-9796-d4b80ac50a4c", "74abe46d-4aed-4285-815d-c0d022119108" ]
  },
  "buildHeader" : {
    "input" : {
      "$schema" : "http://json-schema.org/draft-07/schema#",
      "type" : "object",
      "properties" : {
        "password" : {
          "$ref" : "#/definitions/password",
          "description" : ""
        },
        "filePath" : {
          "type" : "string",
          "description" : ""
        },
        "logFilePath" : {
          "type" : "string",
          "description" : ""
        },
        "rootPath" : {
          "type" : "string",
          "description" : ""
        },
        "username" : {
          "type" : "string",
          "description" : ""
        }
      },
      "definitions" : {
        "password" : {
          "type" : "string",
          "password" : true
        }
      }
    },
    "output" : {
      "$schema" : "http://json-schema.org/draft-07/schema#",
      "type" : "object",
      "properties" : { }
    },
    "internalUid" : null,
    "triggerable" : true
  },
  "validity" : true,
  "dependencies" : [ {
    "artifactUid" : "a142e18f-047a-4cad-a0a7-29584dac0b01",
    "artifactContainerUid" : "fb061a67-dce5-45e0-8301-5e560d5aed64"
  }, {
    "artifactUid" : "bbdcabaa-28e9-3393-8efd-644dec20f4f8",
    "artifactContainerUid" : "028a439d-be6d-41f4-a0ca-ab5226408ff3",
    "packageUid" : "2dbcfd22-58ea-49a2-99d6-005f5bb902c3",
    "packageAlias" : "irpa_core"
  }, {
    "artifactUid" : "ed521d70-d2b5-3286-848b-8acd783a6b43",
    "artifactContainerUid" : "028a439d-be6d-41f4-a0ca-ab5226408ff3",
    "packageUid" : "2dbcfd22-58ea-49a2-99d6-005f5bb902c3",
    "packageAlias" : "irpa_core"
  }, {
    "artifactUid" : "383d3a70-370c-4bd9-bad9-e5c9b066a2a3",
    "artifactContainerUid" : "fb061a67-dce5-45e0-8301-5e560d5aed64"
  }, {
    "artifactUid" : "08932019-52df-3d41-8347-421faed14de4",
    "artifactContainerUid" : "028a439d-be6d-41f4-a0ca-ab5226408ff3",
    "packageUid" : "2dbcfd22-58ea-49a2-99d6-005f5bb902c3",
    "packageAlias" : "irpa_core"
  }, {
    "artifactUid" : "9cab8902-34c3-37f9-a6bb-8e55279e5195",
    "artifactContainerUid" : "028a439d-be6d-41f4-a0ca-ab5226408ff3",
    "packageUid" : "2dbcfd22-58ea-49a2-99d6-005f5bb902c3",
    "packageAlias" : "irpa_core"
  } ],
  "contents" : [ {
    "uid" : "844e40dd-d0e3-4ffb-aded-75104f79d505",
    "name" : "e69f7158-1f70-439f-8328-51a76b9b4e94",
    "mimeType" : "application/json",
    "size" : 358,
    "lastUpdateRelease" : "2102.03"
  }, {
    "uid" : "4d710740-c9f0-4ed5-a4f8-41967e5aa221",
    "name" : "223fe866-950a-4f62-ac3e-306af79b1cb8",
    "mimeType" : "application/json",
    "size" : 298,
    "lastUpdateRelease" : "2102.03"
  }, {
    "uid" : "27fb1c89-d588-418f-962a-be85f9236baa",
    "name" : "d2db9356-53b7-4bb6-9796-d4b80ac50a4c",
    "mimeType" : "application/json",
    "size" : 297,
    "lastUpdateRelease" : "2102.03"
  }, {
    "uid" : "406ff23c-bf1a-498f-a4eb-9280b9ef11fc",
    "name" : "74abe46d-4aed-4285-815d-c0d022119108",
    "mimeType" : "application/json",
    "size" : 294,
    "lastUpdateRelease" : "2102.03"
  }, {
    "uid" : "2fffcd7d-07d9-455c-b134-23623f1edc63",
    "name" : "content",
    "mimeType" : "application/json",
    "size" : 61710,
    "lastUpdateRelease" : "2102.03"
  }, {
    "uid" : "1e480c6a-e379-41f9-b79e-555576f63987",
    "name" : "f1f21375-09d8-4d6a-9152-4eeefe78b5c6",
    "mimeType" : "application/json",
    "size" : 702,
    "lastUpdateRelease" : "2102.03"
  }, {
    "uid" : "f985f267-0215-4e46-943d-4b7a8ee58844",
    "name" : "76cb01af-26ff-484b-8169-1378ed5320b5",
    "mimeType" : "application/json",
    "size" : 194,
    "lastUpdateRelease" : "2102.03"
  }, {
    "uid" : "6d82b53b-c60f-403d-88c6-e39b1321260e",
    "name" : "ff766721-1c22-4d91-ae1a-b87a3c0d0721",
    "mimeType" : "application/json",
    "size" : 160,
    "lastUpdateRelease" : "2102.03"
  } ],
  "exportRelease" : "2102.03",
  "lastHeaderUpdateRelease" : "2101.01"
}