{
  "uid" : "5947cb0e-5ff5-41e1-8248-f6913cb82e6d",
  "name" : "createFoldersAutomation",
  "identifier" : "createFoldersAutomation",
  "type" : "automation",
  "visibility" : true,
  "header" : {
    "inputs" : [ {
      "description" : "",
      "identifier" : "folderPath",
      "type" : "simple",
      "typeName" : "string",
      "typeValue" : "string",
      "dimension" : 0,
      "container" : null
    } ],
    "outputs" : [ ],
    "maxDuration" : 600,
    "triggerable" : true,
    "hasAddJobSubAutomations" : false,
    "scriptUids" : [ ]
  },
  "buildHeader" : {
    "input" : {
      "$schema" : "http://json-schema.org/draft-07/schema#",
      "type" : "object",
      "properties" : {
        "folderPath" : {
          "type" : "string",
          "description" : ""
        }
      }
    },
    "output" : {
      "$schema" : "http://json-schema.org/draft-07/schema#",
      "type" : "object",
      "properties" : { }
    },
    "internalUid" : null,
    "triggerable" : true
  },
  "validity" : true,
  "dependencies" : [ {
    "artifactUid" : "08932019-52df-3d41-8347-421faed14de4",
    "artifactContainerUid" : "028a439d-be6d-41f4-a0ca-ab5226408ff3",
    "packageUid" : "2dbcfd22-58ea-49a2-99d6-005f5bb902c3",
    "packageAlias" : "irpa_core"
  }, {
    "artifactUid" : "9cab8902-34c3-37f9-a6bb-8e55279e5195",
    "artifactContainerUid" : "028a439d-be6d-41f4-a0ca-ab5226408ff3",
    "packageUid" : "2dbcfd22-58ea-49a2-99d6-005f5bb902c3",
    "packageAlias" : "irpa_core"
  } ],
  "contents" : [ {
    "uid" : "80fc0d87-9a03-4c23-8f05-a5cc81036e34",
    "name" : "content",
    "mimeType" : "application/json",
    "size" : 4547,
    "lastUpdateRelease" : "2101.01"
  } ],
  "exportRelease" : "2102.03",
  "lastHeaderUpdateRelease" : "2101.01"
}