{
  "uid" : "d7aef599-3f38-4741-8142-1cfcf0bb741a",
  "name" : "logMessage",
  "identifier" : "logMessage",
  "type" : "datatype",
  "visibility" : true,
  "header" : {
    "$schema" : "http://json-schema.org/draft-07/schema#",
    "type" : "object",
    "title" : "logMessage",
    "properties" : {
      "timestamp" : {
        "type" : "string",
        "uid" : "aa4c38e2-b8d2-44f4-9a28-fc5c39f228b1"
      },
      "actionName" : {
        "type" : "string",
        "uid" : "6e0bc5fa-bde0-44f4-a13d-6d6624d5be8a"
      },
      "actionStatus" : {
        "type" : "string",
        "uid" : "537916a0-8a82-4466-b796-de3de31d9a6f"
      },
      "remarks" : {
        "type" : "string",
        "uid" : "c58bf31e-621a-479a-9b34-ff88dc8285c8"
      }
    }
  },
  "buildHeader" : {
    "$schema" : "http://json-schema.org/draft-07/schema#",
    "type" : "object",
    "title" : "logMessage",
    "properties" : {
      "timestamp" : {
        "type" : "string",
        "uid" : "aa4c38e2-b8d2-44f4-9a28-fc5c39f228b1"
      },
      "actionName" : {
        "type" : "string",
        "uid" : "6e0bc5fa-bde0-44f4-a13d-6d6624d5be8a"
      },
      "actionStatus" : {
        "type" : "string",
        "uid" : "537916a0-8a82-4466-b796-de3de31d9a6f"
      },
      "remarks" : {
        "type" : "string",
        "uid" : "c58bf31e-621a-479a-9b34-ff88dc8285c8"
      }
    }
  },
  "validity" : true,
  "exportRelease" : "2102.03",
  "lastHeaderUpdateRelease" : "2101.01"
}