{
  "uid" : "383d3a70-370c-4bd9-bad9-e5c9b066a2a3",
  "name" : "encodePDFContent",
  "identifier" : "encodePDFContent",
  "type" : "automation",
  "visibility" : true,
  "header" : {
    "inputs" : [ {
      "description" : "",
      "identifier" : "invoicePath",
      "type" : "simple",
      "typeName" : "string",
      "typeValue" : "string",
      "dimension" : 0,
      "container" : null
    } ],
    "outputs" : [ {
      "description" : "",
      "identifier" : "content",
      "type" : "simple",
      "typeName" : "any",
      "typeValue" : "any",
      "dimension" : 0,
      "container" : null
    } ],
    "maxDuration" : 600,
    "triggerable" : true,
    "hasAddJobSubAutomations" : false,
    "hasAlerts" : false,
    "scriptUids" : [ ]
  },
  "buildHeader" : {
    "input" : {
      "$schema" : "http://json-schema.org/draft-07/schema#",
      "type" : "object",
      "properties" : {
        "invoicePath" : {
          "type" : "string",
          "description" : ""
        }
      }
    },
    "output" : {
      "$schema" : "http://json-schema.org/draft-07/schema#",
      "type" : "object",
      "properties" : {
        "content" : {
          "type" : "any",
          "description" : ""
        }
      }
    },
    "internalUid" : null,
    "triggerable" : true
  },
  "validity" : true,
  "dependencies" : [ {
    "artifactUid" : "f2fee1f4-25ef-3451-a66b-11b328ea34f4",
    "artifactContainerUid" : "028a439d-be6d-41f4-a0ca-ab5226408ff3",
    "packageUid" : "2dbcfd22-58ea-49a2-99d6-005f5bb902c3",
    "packageAlias" : "irpa_core"
  }, {
    "artifactUid" : "08932019-52df-3d41-8347-421faed14de4",
    "artifactContainerUid" : "028a439d-be6d-41f4-a0ca-ab5226408ff3",
    "packageUid" : "2dbcfd22-58ea-49a2-99d6-005f5bb902c3",
    "packageAlias" : "irpa_core"
  }, {
    "artifactUid" : "155322c0-b410-3a63-9fa5-c32ccad0fa1c",
    "artifactContainerUid" : "028a439d-be6d-41f4-a0ca-ab5226408ff3",
    "packageUid" : "2dbcfd22-58ea-49a2-99d6-005f5bb902c3",
    "packageAlias" : "irpa_core"
  } ],
  "contents" : [ {
    "uid" : "ea7e2808-b4c5-428f-9b7a-99d783417d02",
    "name" : "content",
    "mimeType" : "application/json",
    "size" : 6214,
    "lastUpdateRelease" : "2102.03"
  } ],
  "exportRelease" : "2102.03",
  "lastHeaderUpdateRelease" : "2102.01"
}