{
  "uid" : "0d4714d8-05a1-4cd9-9d3f-304ac5eacf36",
  "name" : "createLogFileAutomation",
  "identifier" : "createLogFileAutomation",
  "type" : "automation",
  "visibility" : true,
  "header" : {
    "inputs" : [ {
      "description" : "",
      "identifier" : "rootFolder",
      "type" : "simple",
      "typeName" : "string",
      "typeValue" : "string",
      "dimension" : 0,
      "container" : null
    } ],
    "outputs" : [ {
      "description" : "",
      "identifier" : "logFilePath",
      "type" : "simple",
      "typeName" : "string",
      "typeValue" : "string",
      "dimension" : 0,
      "container" : null
    } ],
    "maxDuration" : 600,
    "triggerable" : true,
    "hasAddJobSubAutomations" : false,
    "hasAlerts" : false,
    "scriptUids" : [ "e3641f9f-ab02-4799-9c30-02795de825a7", "470172c4-1430-43f5-81c9-0fdd373adb7f" ]
  },
  "buildHeader" : {
    "input" : {
      "$schema" : "http://json-schema.org/draft-07/schema#",
      "type" : "object",
      "properties" : {
        "rootFolder" : {
          "type" : "string",
          "description" : ""
        }
      }
    },
    "output" : {
      "$schema" : "http://json-schema.org/draft-07/schema#",
      "type" : "object",
      "properties" : {
        "logFilePath" : {
          "type" : "string",
          "description" : ""
        }
      }
    },
    "internalUid" : null,
    "triggerable" : true
  },
  "validity" : true,
  "dependencies" : [ {
    "artifactUid" : "5947cb0e-5ff5-41e1-8248-f6913cb82e6d",
    "artifactContainerUid" : "fb061a67-dce5-45e0-8301-5e560d5aed64"
  }, {
    "artifactUid" : "9cab8902-34c3-37f9-a6bb-8e55279e5195",
    "artifactContainerUid" : "028a439d-be6d-41f4-a0ca-ab5226408ff3",
    "packageUid" : "2dbcfd22-58ea-49a2-99d6-005f5bb902c3",
    "packageAlias" : "irpa_core"
  }, {
    "artifactUid" : "f2fee1f4-25ef-3451-a66b-11b328ea34f4",
    "artifactContainerUid" : "028a439d-be6d-41f4-a0ca-ab5226408ff3",
    "packageUid" : "2dbcfd22-58ea-49a2-99d6-005f5bb902c3",
    "packageAlias" : "irpa_core"
  }, {
    "artifactUid" : "aab5ad95-d8dd-3ea2-b24d-17c88b53b37c",
    "artifactContainerUid" : "028a439d-be6d-41f4-a0ca-ab5226408ff3",
    "packageUid" : "2dbcfd22-58ea-49a2-99d6-005f5bb902c3",
    "packageAlias" : "irpa_core"
  }, {
    "artifactUid" : "ad8424e5-0004-31e8-b7c2-cd871847e3e3",
    "artifactContainerUid" : "f54b0f53-9c11-49dd-b097-9c2f4361447f",
    "packageUid" : "105f6259-cdaf-414b-86ea-5bc670448046",
    "packageAlias" : "irpa_excel"
  }, {
    "artifactUid" : "9d97d190-ddae-3b68-bf21-ac94e6bc05e4",
    "artifactContainerUid" : "f54b0f53-9c11-49dd-b097-9c2f4361447f",
    "packageUid" : "105f6259-cdaf-414b-86ea-5bc670448046",
    "packageAlias" : "irpa_excel"
  }, {
    "artifactUid" : "b2b39969-be3a-32e5-b4cb-3ebfacb6d3e5",
    "artifactContainerUid" : "f54b0f53-9c11-49dd-b097-9c2f4361447f",
    "packageUid" : "105f6259-cdaf-414b-86ea-5bc670448046",
    "packageAlias" : "irpa_excel"
  } ],
  "contents" : [ {
    "uid" : "72787097-2b14-4462-b4f5-6d9dfec16a5f",
    "name" : "content",
    "mimeType" : "application/json",
    "size" : 34554,
    "lastUpdateRelease" : "2102.03"
  }, {
    "uid" : "bc749303-4d31-4bda-aeec-ab03053eceb5",
    "name" : "e3641f9f-ab02-4799-9c30-02795de825a7",
    "mimeType" : "application/json",
    "size" : 431,
    "lastUpdateRelease" : "2102.03"
  }, {
    "uid" : "24beebda-0229-4a04-92de-7b96483723f9",
    "name" : "470172c4-1430-43f5-81c9-0fdd373adb7f",
    "mimeType" : "application/json",
    "size" : 44,
    "lastUpdateRelease" : "2102.03"
  } ],
  "exportRelease" : "2102.03",
  "lastHeaderUpdateRelease" : "2101.01"
}