{
  "uid" : "1ee120b0-da01-4528-be4c-bbf68c085537",
  "name" : "ConfigItem",
  "identifier" : "configItem",
  "type" : "datatype",
  "visibility" : true,
  "header" : {
    "$schema" : "http://json-schema.org/draft-07/schema#",
    "type" : "object",
    "title" : "ConfigItem",
    "properties" : {
      "businessObject" : {
        "type" : "string",
        "uid" : "69b35500-5097-4485-9ad7-25fd7a35934b"
      },
      "companyCode" : {
        "type" : "number",
        "uid" : "7acb867b-8b8d-4e35-9074-c2206645b2a2"
      }
    }
  },
  "buildHeader" : {
    "$schema" : "http://json-schema.org/draft-07/schema#",
    "type" : "object",
    "title" : "ConfigItem",
    "properties" : {
      "businessObject" : {
        "type" : "string",
        "uid" : "69b35500-5097-4485-9ad7-25fd7a35934b"
      },
      "companyCode" : {
        "type" : "number",
        "uid" : "7acb867b-8b8d-4e35-9074-c2206645b2a2"
      }
    }
  },
  "validity" : true,
  "exportRelease" : "2102.03",
  "lastHeaderUpdateRelease" : "2102.03"
}