{
  "uid" : "1e06b509-ad04-4417-ac2f-0786af4880c0",
  "name" : "mainAutomation",
  "identifier" : "mainAutomation",
  "type" : "automation",
  "visibility" : true,
  "header" : {
    "inputs" : [ {
      "description" : "",
      "identifier" : "excelFilename",
      "type" : "simple",
      "typeName" : "string",
      "typeValue" : "string",
      "dimension" : 0,
      "container" : null
    }, {
      "description" : "",
      "identifier" : "rootFolder",
      "type" : "simple",
      "typeName" : "string",
      "typeValue" : "string",
      "dimension" : 0,
      "container" : null
    }, {
      "description" : null,
      "identifier" : "entryName",
      "type" : "simple",
      "typeName" : "string",
      "typeValue" : "string",
      "dimension" : 0,
      "container" : null
    }, {
      "description" : "",
      "identifier" : "username",
      "type" : "simple",
      "typeName" : "string",
      "typeValue" : "string",
      "dimension" : 0,
      "container" : null
    }, {
      "description" : "",
      "identifier" : "password",
      "type" : "simple",
      "typeName" : "password",
      "typeValue" : "password",
      "dimension" : 0,
      "container" : null
    }, {
      "description" : "",
      "identifier" : "cloudCredentials",
      "type" : "simple",
      "typeName" : "boolean",
      "typeValue" : "boolean",
      "dimension" : 0,
      "container" : null
    } ],
    "outputs" : [ ],
    "maxDuration" : 600,
    "triggerable" : true,
    "hasAddJobSubAutomations" : false,
    "hasAlerts" : false,
    "scriptUids" : [ ]
  },
  "buildHeader" : {
    "input" : {
      "$schema" : "http://json-schema.org/draft-07/schema#",
      "type" : "object",
      "properties" : {
        "excelFilename" : {
          "type" : "string",
          "description" : ""
        },
        "password" : {
          "$ref" : "#/definitions/password",
          "description" : ""
        },
        "rootFolder" : {
          "type" : "string",
          "description" : ""
        },
        "entryName" : {
          "type" : "string"
        },
        "cloudCredentials" : {
          "type" : "boolean",
          "description" : ""
        },
        "username" : {
          "type" : "string",
          "description" : ""
        }
      },
      "definitions" : {
        "password" : {
          "type" : "string",
          "password" : true
        }
      }
    },
    "output" : {
      "$schema" : "http://json-schema.org/draft-07/schema#",
      "type" : "object",
      "properties" : { }
    },
    "internalUid" : null,
    "triggerable" : true
  },
  "validity" : true,
  "dependencies" : [ {
    "artifactUid" : "08932019-52df-3d41-8347-421faed14de4",
    "artifactContainerUid" : "028a439d-be6d-41f4-a0ca-ab5226408ff3",
    "packageUid" : "2dbcfd22-58ea-49a2-99d6-005f5bb902c3",
    "packageAlias" : "irpa_core"
  }, {
    "artifactUid" : "2cd73515-255d-30dc-a2c1-129dfdcbe319",
    "artifactContainerUid" : "028a439d-be6d-41f4-a0ca-ab5226408ff3",
    "packageUid" : "2dbcfd22-58ea-49a2-99d6-005f5bb902c3",
    "packageAlias" : "irpa_core"
  }, {
    "artifactUid" : "257a399a-06dc-3ef3-9581-6d5374ab818e",
    "artifactContainerUid" : "028a439d-be6d-41f4-a0ca-ab5226408ff3",
    "packageUid" : "2dbcfd22-58ea-49a2-99d6-005f5bb902c3",
    "packageAlias" : "irpa_core"
  }, {
    "artifactUid" : "0d4714d8-05a1-4cd9-9d3f-304ac5eacf36",
    "artifactContainerUid" : "fb061a67-dce5-45e0-8301-5e560d5aed64"
  }, {
    "artifactUid" : "09d62b26-7791-4d19-908d-9c0ee874ac07",
    "artifactContainerUid" : "fb061a67-dce5-45e0-8301-5e560d5aed64"
  }, {
    "artifactUid" : "a4fd4219-0a5d-4995-bbae-83633106430c",
    "artifactContainerUid" : "fb061a67-dce5-45e0-8301-5e560d5aed64"
  }, {
    "artifactUid" : "7a008a2d-260e-4981-8b29-a04ace224aab",
    "artifactContainerUid" : "fb061a67-dce5-45e0-8301-5e560d5aed64"
  } ],
  "contents" : [ {
    "uid" : "ba4baa33-72e4-4af0-84d8-7159a67cc164",
    "name" : "content",
    "mimeType" : "application/json",
    "size" : 23230,
    "lastUpdateRelease" : "2102.03"
  } ],
  "exportRelease" : "2102.03",
  "lastHeaderUpdateRelease" : "2101.01"
}